Country,ExchangeRateAtPPP,Exports,HouseholdExpenditures,Imports,ImprovedSanitation,ImprovedWater,Population,Population15To64,PopulationGrowth,TotalInvestment,Unemployment,Urban,AgeDependencyRatioOld,CellphoneSubscriptions,GovernmentRevenues,GovernmentSpending,HealthExpenditure,IndustrialProduction,InternetUsers
Afghanistan,0.002394,0.000189,0.004169,0.002252,0.219780,0.475842,0.022444,0.098240,0.356803,0.236827,0.288733,0.142471,0.102423,0.276300,0.001614,0.001336,0.000162,0.050915,0.061458
Albania,0.003766,0.000868,0.001719,0.001770,0.903297,0.937042,0.002043,0.560809,0.031399,0.354297,0.414684,0.486992,0.377967,0.474344,0.001233,0.001249,0.001187,0.050915,0.626042
Algeria,0.004212,0.029075,0.013757,0.020029,0.947253,0.764275,0.027845,0.534279,0.305423,0.518980,0.313732,0.703908,0.157382,0.413635,0.020735,0.016703,0.000860,0.019438,0.171875
Angola,0.006650,0.037409,0.006385,0.029448,0.561538,0.330893,0.015293,0.073811,0.420552,0.147686,0.288733,0.548485,0.107170,0.241419,0.009604,0.008051,0.000263,0.011540,0.198958
Antigua and Barbuda,0.000131,0.000013,0.000040,0.000113,0.905495,0.969253,0.000059,0.425708,0.224548,0.470255,0.288733,0.210159,0.289731,0.521237,0.000096,0.000078,0.057488,0.050915,0.660417
Argentina,0.000236,0.035652,0.067661,0.024993,0.969231,0.980966,0.030483,0.460468,0.210276,0.354108,0.220598,0.917108,0.409443,0.658272,0.064198,0.056049,0.050760,0.034262,0.623958
Armenia,0.015548,0.000648,0.001744,0.001544,0.895604,0.997072,0.002410,0.580772,0.151284,0.349008,0.608430,0.596351,0.359980,0.456109,0.000919,0.000821,0.000158,0.001212,0.482292
Australia,0.000097,0.112881,0.048840,0.091399,1.000000,1.000000,0.017049,0.507224,0.296860,0.418319,0.171992,0.879941,0.524856,0.434357,0.065194,0.058353,0.294116,0.076177,0.864583
Austria,0.000046,0.069965,0.017800,0.061909,1.000000,1.000000,0.006225,0.521671,0.176974,0.304060,0.146159,0.638248,0.670497,0.646259,0.034958,0.029300,0.658289,0.028090,0.839792
Azerbaijan,0.000024,0.010498,0.006354,0.003507,0.802198,0.710102,0.006834,0.653796,0.250238,0.344287,0.185248,0.480685,0.181614,0.437661,0.007947,0.006135,0.114691,0.050915,0.564583
Bahrain,0.000004,0.009938,0.001775,0.006427,0.684665,0.813761,0.000852,0.774363,0.230257,0.206988,0.127464,0.873409,0.060455,0.687790,0.001951,0.001575,0.366224,0.050915,0.937500
Bangladesh,0.002512,0.005789,0.025534,0.006420,0.527473,0.777452,0.114856,0.470975,0.243578,0.398489,0.288733,0.199122,0.170622,0.263772,0.007580,0.007999,0.000221,0.009447,0.067708
Barbados,0.000073,0.000251,0.000213,0.000635,1.000000,0.997072,0.000198,0.603100,0.175071,0.156752,0.384092,0.379547,0.373970,0.439763,0.000476,0.000513,0.120350,0.000095,0.781250
Belarus,0.315336,0.016546,0.008767,0.015664,0.937363,0.994143,0.006945,0.619385,0.129401,0.629084,0.000000,0.723280,0.474644,0.485627,0.012124,0.010002,0.000020,0.021901,0.564271
Belgium,0.000049,0.196850,0.020509,0.159801,1.000000,1.000000,0.008194,0.465984,0.184586,0.271955,0.265126,0.971956,0.678241,0.451776,0.042334,0.035903,0.538438,0.024942,0.855938
Belize,0.000060,0.000150,0.000128,0.000310,0.895604,0.989751,0.000250,0.390859,0.354900,0.187913,0.532631,0.375943,0.147389,0.203106,0.000184,0.000148,0.048762,0.050915,0.330208
Benin,0.018076,0.000189,0.000955,0.000533,0.058242,0.650073,0.007577,0.185448,0.382493,0.380548,0.288733,0.386868,0.120410,0.376094,0.000661,0.000588,0.000031,0.050915,0.051042
Bhutan,0.001633,0.000198,0.000184,0.000372,0.416484,0.972182,0.000536,0.521408,0.281637,0.890085,0.088375,0.283027,0.165876,0.285739,0.000269,0.000245,0.001270,0.050915,0.311458
Bolivia,0.000237,0.005194,0.003313,0.003011,0.410989,0.825769,0.008106,0.340163,0.284491,0.302738,0.195445,0.630814,0.190857,0.395143,0.004602,0.003714,0.009917,0.050915,0.411458
Bosnia and Herzegovina,0.000043,0.002507,0.027314,0.003646,0.949451,0.994143,0.002844,0.562648,0.116080,0.234183,0.897349,0.423471,0.553835,0.367127,0.002844,0.002295,0.127484,0.050915,0.707292
Botswana,0.000259,0.002630,0.001104,0.002920,0.607692,0.953148,0.001521,0.408721,0.209324,0.635127,0.288733,0.574840,0.131901,0.665179,0.002280,0.001798,0.026197,0.050915,0.156250
Brazil,0.000130,0.106687,0.151731,0.087443,0.794505,0.963397,0.145714,0.554242,0.209324,0.242304,0.162475,0.829598,0.262303,0.556504,0.174899,0.153467,0.062442,0.126646,0.537500
Brunei,0.000051,0.005727,0.000452,0.001292,0.684665,0.813761,0.000294,0.607040,0.254995,0.180737,0.071380,0.733303,0.139395,0.457397,0.002280,0.001339,0.146501,0.050915,0.671875
Bulgaria,0.000037,0.011762,0.005724,0.011938,1.000000,0.992679,0.005313,0.517730,0.072312,0.292351,0.422842,0.703120,0.707469,0.598893,0.007295,0.006098,0.177860,0.003300,0.552708
Burkina Faso,0.016754,0.001018,0.001288,0.000869,0.105495,0.732064,0.012339,0.123982,0.399619,0.323135,0.288733,0.181777,0.104921,0.260769,0.001233,0.001122,0.000043,0.050915,0.045833
Burundi,0.054107,0.000106,0.000398,0.000354,0.423077,0.638360,0.006592,0.150775,0.425309,0.266478,0.288733,0.000000,0.100924,0.083062,0.000335,0.000287,0.000006,0.050915,0.013542
Cambodia,0.116356,0.003454,0.002500,0.002566,0.305495,0.579795,0.011317,0.427371,0.298763,0.340699,0.288733,0.101138,0.197852,0.550412,0.001316,0.001246,0.000008,0.050915,0.062500
Cameroon,0.019114,0.001881,0.003455,0.002369,0.397802,0.620791,0.016153,0.171263,0.367269,0.286119,0.288733,0.466832,0.137397,0.277973,0.001939,0.001911,0.000051,0.050915,0.066667
Canada,0.000073,0.201057,0.072531,0.168739,0.997802,0.997072,0.025787,0.553717,0.237869,0.356752,0.220258,0.783422,0.542343,0.312339,0.122721,0.106159,0.426676,0.057567,0.893750
Cape Verde,0.005404,0.000026,0.000080,0.000263,0.614286,0.843338,0.000360,0.468873,0.214082,0.586213,0.557444,0.586890,0.191606,0.405483,0.000098,0.000104,0.000254,0.050915,0.390625
Central African Republic,0.022430,0.000044,0.000283,0.000066,0.137363,0.534407,0.003380,0.237457,0.317793,0.060623,0.288733,0.316928,0.157882,0.102411,0.000041,0.000058,0.000011,0.050915,0.036458
Chad,0.017475,0.037409,0.000967,0.000069,0.031868,0.278184,0.008084,0.049645,0.411037,0.396601,0.288733,0.120622,0.110167,0.128540,0.001021,0.000930,0.000019,0.050915,0.023958
Chile,0.030240,0.034084,0.019896,0.029048,0.987912,0.982430,0.012897,0.568689,0.211227,0.349386,0.181169,0.880054,0.348738,0.552085,0.014918,0.012385,0.000439,0.021751,0.692708
China,0.000296,0.902546,0.506134,0.663573,0.618681,0.881406,1.000000,0.677699,0.174120,0.801889,0.118967,0.456921,0.290782,0.356573,0.595657,0.519729,0.012704,1.000000,0.477083
Colombia,0.099843,0.026551,0.031755,0.021190,0.782418,0.871157,0.034643,0.495403,0.250238,0.354674,0.307614,0.724856,0.220335,0.422516,0.028335,0.023696,0.000059,0.024602,0.538542
Comoros,0.019697,0.000004,0.000048,0.000055,0.290110,0.928258,0.000514,0.204360,0.355852,0.268178,0.288733,0.191013,0.116663,0.178823,0.000077,0.000036,0.000022,0.050915,0.067708
Congo,0.041691,0.037409,0.001692,0.029448,0.246154,0.216691,0.056572,0.126609,0.386299,0.294618,0.288733,0.266021,0.124657,0.163463,0.001646,0.001461,0.000003,0.050915,0.022917
Congo-Brazzaville,0.025065,0.003048,0.000482,0.001584,0.061538,0.638360,0.003064,0.178093,0.367269,0.529745,0.288733,0.595450,0.144142,0.425476,0.001915,0.001334,0.000045,0.050915,0.068750
Costa Rica,0.029727,0.004956,0.003889,0.006690,0.932967,0.950220,0.003491,0.582348,0.258801,0.299339,0.285520,0.606938,0.240070,0.602240,0.001627,0.001850,0.000365,0.050915,0.478750
Croatia,0.000294,0.005449,0.004240,0.007591,0.980220,0.979502,0.003138,0.513265,0.094196,0.243248,0.539089,0.528213,0.670997,0.467264,0.005739,0.005299,0.037537,0.002984,0.656250
Cuba,0.030980,0.001313,0.027314,0.003701,0.918681,0.912152,0.028224,0.609141,0.122740,0.341150,0.288733,0.720351,0.458906,0.051956,0.012805,0.011522,0.000107,0.050915,0.267813
Cyprus,0.000037,0.000806,0.001453,0.002683,1.000000,1.000000,0.000639,0.616496,0.229305,0.113503,0.524813,0.670121,0.420684,0.384332,0.001839,0.001696,0.345184,0.000641,0.681771
Czech Republic,0.000984,0.070925,0.011853,0.051811,1.000000,0.997072,0.007724,0.555293,0.137012,0.317469,0.215840,0.700642,0.597302,0.539085,0.022472,0.019417,0.016951,0.018174,0.771979
Denmark,0.000630,0.046753,0.009583,0.033676,1.000000,1.000000,0.004101,0.453113,0.165557,0.225873,0.217879,0.854375,0.680240,0.522868,0.023536,0.019121,0.060494,0.015744,0.985729
Djibouti,0.007604,0.000159,0.000052,0.000226,0.575824,0.884334,0.000661,0.394799,0.273073,0.454958,0.288733,0.742764,0.147140,0.095976,0.000171,0.000150,0.000251,0.050915,0.098958
Dominica,0.000081,0.000018,0.000007,0.000066,0.792308,0.918009,0.000044,0.425708,0.169363,0.222285,0.288733,0.631715,0.289731,0.533551,0.000000,0.000000,0.062548,0.050915,0.614583
Dominican Republic,0.001797,0.003040,0.008658,0.006996,0.802198,0.720351,0.007643,0.425532,0.244529,0.194901,0.218219,0.664489,0.235573,0.355372,0.002934,0.002947,0.002526,0.050915,0.478125
Ecuador,0.000026,0.010507,0.008896,0.009186,0.814286,0.800878,0.011589,0.426583,0.276879,0.414164,0.140721,0.639374,0.243567,0.454179,0.012115,0.010835,0.123856,0.006583,0.420313
Egypt,0.000216,0.012960,0.062488,0.025489,0.954945,0.989751,0.061834,0.415025,0.283539,0.164684,0.421482,0.365920,0.216088,0.497297,0.024727,0.032109,0.011470,0.018201,0.516250
El Salvador,0.000020,0.002419,0.003792,0.003920,0.675824,0.855051,0.004644,0.410034,0.192198,0.163362,0.174711,0.608627,0.270797,0.560280,0.001878,0.001819,0.103581,0.000000,0.240729
Equatorial Guinea,0.032092,0.037409,0.000253,0.029448,0.878022,0.281113,0.000551,0.290255,0.391056,1.000000,0.288733,0.320757,0.106420,0.265445,0.001191,0.001179,0.000369,0.050915,0.170833
Eritrea,0.000856,0.000004,0.000413,0.000146,0.046154,0.417277,0.004644,0.191489,0.436727,0.062512,0.288733,0.119608,0.091182,0.000000,0.000147,0.000211,0.000156,0.050915,0.009375
Estonia,0.000028,0.008044,0.001298,0.007245,0.947253,0.986823,0.000941,0.495141,0.124643,0.404533,0.272944,0.657281,0.668748,0.660975,0.002192,0.001769,0.251603,0.001636,0.833333
Ethiopia,0.000525,0.001273,0.007849,0.004336,0.160440,0.289898,0.065288,0.173628,0.370124,0.431350,0.288733,0.068364,0.146140,0.092887,0.003268,0.003297,0.000666,0.050915,0.019792
Fiji,0.000105,0.000537,0.000353,0.000810,0.859341,0.945827,0.000639,0.483583,0.196004,0.352219,0.278722,0.466494,0.194354,0.409859,0.000233,0.000188,0.013330,0.050915,0.386458
Finland,0.000056,0.032145,0.009775,0.027759,1.000000,1.000000,0.003998,0.452325,0.172217,0.250803,0.256288,0.817772,0.724706,0.712717,0.021018,0.017749,0.400093,0.015275,0.953229
France,0.000049,0.037409,0.120048,0.029448,1.000000,1.000000,0.046776,0.436827,0.177926,0.262512,0.347043,0.845253,0.666250,0.398576,0.233460,0.203293,0.529209,0.089910,0.853333
Gabon,0.023159,0.002361,0.000541,0.000901,0.356044,0.885798,0.001139,0.238245,0.352997,0.475543,0.288733,0.847505,0.216088,0.897331,0.001670,0.001426,0.000199,0.001659,0.095833
Gambia,0.000638,0.000040,0.000178,0.000113,0.562637,0.855051,0.001374,0.115314,0.431018,0.237205,0.288733,0.524271,0.103173,0.404925,0.000131,0.000159,0.001236,0.050915,0.145833
Georgia,0.000054,0.001048,0.002083,0.002861,0.926374,0.980966,0.003285,0.535855,0.098002,0.378093,0.490483,0.470436,0.519610,0.469495,0.001390,0.001282,0.064587,0.000816,0.448958
Germany,0.000045,0.623868,0.171440,0.428202,1.000000,1.000000,0.059372,0.485422,0.150333,0.213220,0.159075,0.707963,0.790407,0.486657,0.279884,0.225895,0.612805,0.252743,0.874583
Ghana,0.000055,0.008264,0.005320,0.005102,0.059341,0.812592,0.018776,0.282900,0.327307,0.528612,0.288733,0.465255,0.137397,0.440149,0.003168,0.003995,0.012163,0.050915,0.128125
Greece,0.000033,0.015498,0.016270,0.022741,0.984615,0.997072,0.008121,0.483058,0.075167,0.142587,0.905846,0.568758,0.735698,0.477175,0.022921,0.019641,0.385103,0.004747,0.623646
Grenada,0.000094,0.000013,0.000050,0.000091,0.978022,0.953148,0.000073,0.493827,0.164605,0.449858,0.288733,0.318504,0.256558,0.514802,0.000000,0.000103,0.051303,0.050915,0.364583
Guatemala,0.000369,0.004436,0.008074,0.006376,0.783516,0.909224,0.011369,0.194641,0.367269,0.170916,0.288733,0.439577,0.194354,0.567273,0.001816,0.001735,0.007432,0.050915,0.205208
Guinea,0.255905,0.000630,0.000727,0.000661,0.108791,0.631040,0.008165,0.191489,0.368221,0.258546,0.288733,0.278522,0.129903,0.247640,0.000491,0.000501,0.000001,0.050915,0.016667
Guinea-Bissau,0.015832,0.000009,0.000018,0.000029,0.117582,0.613470,0.001176,0.219858,0.357755,0.000000,0.288733,0.375718,0.116663,0.293848,0.000054,0.000052,0.000033,0.050915,0.032292
Guyana,0.006962,0.000463,0.000320,0.000675,0.819780,0.964861,0.000581,0.346730,0.177926,0.249103,0.288733,0.194617,0.129153,0.273769,0.000347,0.000321,0.000264,0.050915,0.343750
Haiti,0.001967,0.000026,0.000990,0.029448,0.168791,0.449488,0.007577,0.347780,0.260704,0.341150,0.288733,0.489132,0.173870,0.273726,0.000548,0.000582,0.000349,0.050915,0.110417
Honduras,0.000706,0.002207,0.002514,0.003146,0.780220,0.847731,0.005945,0.342264,0.319696,0.358640,0.129164,0.467620,0.171621,0.387506,0.001700,0.001819,0.004056,0.050915,0.185417
Hong Kong,0.000393,0.217141,0.020850,0.201995,0.684665,0.813761,0.005313,0.708695,0.171265,0.341454,0.085996,1.000000,0.458406,1.000000,0.015766,0.012275,0.022444,0.004026,0.772917
Hungary,0.010827,0.045379,0.011603,0.034395,1.000000,1.000000,0.007253,0.546887,0.105614,0.229839,0.327328,0.661110,0.619036,0.475502,0.018393,0.015578,0.001322,0.009148,0.756667
Iceland,0.010003,0.002203,0.000548,0.001734,1.000000,1.000000,0.000228,0.504597,0.195052,0.156941,0.130523,0.930510,0.468649,0.439806,0.001128,0.000949,0.002845,0.002058,1.000000
India,0.001631,0.037409,0.331766,0.029448,0.296264,0.891654,0.913709,0.482007,0.245480,0.552786,0.288733,0.230319,0.188359,0.279646,0.196509,0.216148,0.000788,0.116784,0.157292
Indonesia,0.518756,0.080419,0.103706,0.068103,0.547253,0.778917,0.182208,0.480956,0.242626,0.532200,0.192046,0.453204,0.185611,0.497426,0.044743,0.040457,0.000001,0.097162,0.164792
Iran,0.708408,0.057507,0.037375,0.024924,0.883516,0.939971,0.056653,0.620173,0.254044,0.611709,0.419443,0.653452,0.173870,0.337438,0.025420,0.021845,0.000017,0.014703,0.327083
Iraq,0.076791,0.037409,0.027314,0.029448,0.831868,0.786237,0.025552,0.234831,0.369172,0.341150,0.288733,0.622367,0.128154,0.388279,0.021505,0.019737,0.000015,0.007776,0.095833
Ireland,0.000047,0.050802,0.007305,0.024059,0.989011,0.998536,0.003505,0.500131,0.144624,0.114259,0.422842,0.577768,0.441419,0.416853,0.013160,0.012782,0.456561,0.016659,0.815104
Israel,0.000266,0.027815,0.011682,0.026672,1.000000,1.000000,0.005776,0.374310,0.304472,0.269500,0.197145,0.909224,0.422683,0.503046,0.019701,0.017283,0.065424,0.010859,0.737500
Italy,0.000046,0.037409,0.100938,0.029448,0.684665,1.000000,0.043858,0.460205,0.174120,0.218886,0.395649,0.646131,0.802148,0.657628,0.167332,0.143756,0.396024,0.111269,0.608958
Ivory Coast,0.023555,0.004784,0.002422,0.003555,0.141758,0.710102,0.017681,0.215655,0.352997,0.222285,0.288733,0.459399,0.130152,0.385490,0.001846,0.001659,0.000050,0.000000,0.027083
Jamaica,0.004203,0.000753,0.001500,0.002391,0.782418,0.898975,0.002036,0.463094,0.153187,0.276298,0.486064,0.461201,0.291781,0.406813,0.001349,0.001086,0.000905,0.050915,0.393750
Japan,0.007499,0.315022,0.227887,0.304069,1.000000,1.000000,0.093573,0.382979,0.111323,0.293862,0.116587,0.906859,1.000000,0.470182,0.288549,0.294354,0.003950,0.370845,0.898438
Jordan,0.000027,0.003471,0.005062,0.007540,0.979121,0.942899,0.004799,0.397426,0.337774,0.287819,0.394290,0.807974,0.129403,0.584349,0.001938,0.001825,0.090571,0.001796,0.460417
Kazakhstan,0.010006,0.040652,0.015975,0.016245,0.972527,0.898975,0.012603,0.532703,0.265461,0.379603,0.156356,0.476743,0.233825,0.750386,0.012551,0.008217,0.000502,0.016632,0.562500
Kenya,0.003549,0.002278,0.006252,0.004402,0.226374,0.439239,0.032585,0.205148,0.383444,0.283664,0.288733,0.148553,0.108918,0.278831,0.003860,0.003889,0.000193,0.050915,0.406250
Kiribati,0.000001,0.000004,0.027314,0.000029,0.337363,0.513909,0.000073,0.425708,0.274025,0.341150,0.288733,0.370087,0.289731,0.047237,0.000000,0.000000,0.116727,0.050915,0.119792
Kosovo,0.030980,0.037409,0.027314,0.029448,0.684665,0.813761,0.028224,0.488311,0.215985,0.341150,0.288733,0.505386,0.241569,0.418529,0.012805,0.011522,0.000296,0.050915,0.423198
Kuwait,0.000007,0.022881,0.005566,0.009055,1.000000,0.985359,0.002851,0.672708,0.467174,0.206610,0.049966,0.980516,0.067200,0.792389,0.020955,0.009866,0.464761,0.050915,0.786042
Kyrgyzstan,0.001736,0.000740,0.001482,0.001949,0.909890,0.818448,0.004137,0.477804,0.315890,0.397923,0.239633,0.273342,0.146640,0.497040,0.000971,0.000869,0.000828,0.050915,0.243750
Laos,0.292293,0.037409,0.001527,0.029448,0.610989,0.582723,0.004968,0.360914,0.303520,0.341150,0.288733,0.271540,0.142143,0.259997,0.000848,0.000832,0.000001,0.050915,0.130208
Latvia,0.000013,0.005590,0.001923,0.005858,0.764835,0.976574,0.001492,0.507224,0.029496,0.328612,0.383073,0.636333,0.683987,0.561867,0.002763,0.002230,0.317251,0.001644,0.783646
Lebanon,0.074362,0.001736,0.005354,0.007737,0.981319,1.000000,0.003278,0.610192,0.218839,0.321058,0.288733,0.857642,0.294029,0.321606,0.002732,0.003185,0.000112,0.050915,0.734375
Lesotho,0.000360,0.000278,0.000374,0.000485,0.226374,0.726208,0.001396,0.318886,0.233111,0.520680,0.288733,0.192477,0.164627,0.346233,0.000531,0.000429,0.004988,0.050915,0.052083
Liberia,0.000032,0.037409,0.000276,0.029448,0.085714,0.628111,0.002991,0.178356,0.359657,0.341150,0.288733,0.420655,0.127654,0.231294,0.000288,0.000232,0.016954,0.050915,0.047917
Libya,0.000073,0.037409,0.003751,0.029448,0.962637,0.332357,0.004490,0.485159,0.207422,0.295751,0.288733,0.751211,0.169623,0.684057,0.008883,0.007041,0.040392,0.006339,0.171875
Lithuania,0.000113,0.013062,0.003361,0.011756,0.937363,0.939971,0.002175,0.574205,0.000000,0.245515,0.379674,0.630927,0.553585,0.625279,0.004278,0.003630,0.090742,0.002762,0.713021
Luxembourg,0.000060,0.006079,0.001245,0.008642,1.000000,1.000000,0.000389,0.550827,0.344434,0.303683,0.211761,0.838270,0.508119,0.613695,0.003668,0.002960,0.674379,0.001434,0.976875
Macedonia,0.001533,0.001762,0.001311,0.002365,0.905495,0.991215,0.001514,0.621749,0.135109,0.341150,1.000000,0.543192,0.422183,0.431483,0.001302,0.001192,0.004469,0.050915,0.637500
Madagascar,0.077956,0.000537,0.001948,0.000960,0.053846,0.262079,0.016873,0.197006,0.392959,0.345420,0.288733,0.247776,0.115913,0.130985,0.000475,0.000437,0.000003,0.050915,0.022917
Malawi,0.006915,0.000630,0.000720,0.000876,0.014286,0.780381,0.012567,0.110848,0.396765,0.282531,0.288733,0.052258,0.142643,0.114682,0.001040,0.000976,0.000098,0.000000,0.056250
Malaysia,0.000121,0.100670,0.028407,0.075264,0.952747,0.994143,0.021760,0.558182,0.281637,0.393768,0.084976,0.699966,0.182613,0.596748,0.025458,0.024390,0.040592,0.028571,0.697604
Maldives,0.000821,0.000070,0.027314,0.000555,0.985714,0.979502,0.000243,0.500131,0.311132,0.274599,0.288733,0.349364,0.173620,0.753346,0.000205,0.000207,0.007629,0.050915,0.459375
Mali,0.021689,0.001150,0.001605,0.001252,0.141758,0.519766,0.012376,0.066457,0.410086,0.241171,0.288733,0.274355,0.127155,0.529732,0.000759,0.000690,0.000027,0.050915,0.023958
Malta,0.000028,0.002489,0.000526,0.002872,1.000000,1.000000,0.000301,0.571053,0.214082,0.151464,0.200204,0.943462,0.577317,0.532650,0.000939,0.000758,0.462712,0.000619,0.717813
Mauritania,0.011192,0.001154,0.000674,0.001073,0.194505,0.262079,0.002719,0.247702,0.359657,0.572427,0.288733,0.344408,0.127155,0.415866,0.000540,0.000450,0.000089,0.050915,0.064583
Mauritius,0.001276,0.001031,0.001243,0.001960,0.898901,0.997072,0.000948,0.634620,0.167460,0.335600,0.251530,0.344746,0.292780,0.504719,0.000863,0.000813,0.005031,0.050915,0.406250
Mexico,0.000626,0.163361,0.106192,0.135301,0.838462,0.925329,0.087003,0.468085,0.243578,0.315203,0.146839,0.756617,0.233325,0.344259,0.083365,0.078384,0.013683,0.095108,0.452708
Moldova,0.000537,0.000952,0.001410,0.001891,0.853846,0.948755,0.002609,0.650118,0.126546,0.356374,0.156356,0.418628,0.382963,0.430796,0.000955,0.000812,0.007337,0.050915,0.508333
Mongolia,0.075918,0.000833,0.001153,0.000763,0.518681,0.774524,0.002124,0.568164,0.272122,0.935788,0.333107,0.654803,0.125406,0.508752,0.001116,0.001170,0.000037,0.050915,0.184375
Montenegro,0.000015,0.000233,0.000513,0.000781,0.890110,0.970717,0.000448,0.548726,0.132255,0.200378,0.288733,0.588692,0.466650,0.662219,0.000437,0.000352,0.257950,0.050915,0.591667
Morocco,0.000346,0.009436,0.010627,0.016336,0.729670,0.759883,0.024134,0.522196,0.269267,0.551275,0.293338,0.520329,0.172870,0.527415,0.009713,0.009363,0.007762,0.004495,0.583333
Mozambique,0.001190,0.001529,0.001980,0.002245,0.131868,0.256223,0.018997,0.106383,0.362512,0.817375,0.288733,0.228179,0.147140,0.181912,0.001730,0.001597,0.000451,0.050915,0.056250
Myanmar,0.035557,0.003361,0.000723,0.001507,0.751648,0.790630,0.047709,0.593118,0.210276,0.341643,0.116247,0.247888,0.174369,0.031019,0.004878,0.004803,0.000005,0.050915,0.012500
Namibia,0.000475,0.002370,0.001183,0.002591,0.254945,0.878477,0.001587,0.345416,0.311132,0.363173,0.288733,0.312535,0.134149,0.448816,0.001161,0.001055,0.010418,0.050915,0.144792
Nepal,0.002965,0.000401,0.003968,0.002150,0.304396,0.825769,0.020511,0.339112,0.238820,0.497073,0.288733,0.069039,0.200849,0.282564,0.001569,0.001135,0.000221,0.050915,0.138542
Netherlands,0.000046,0.244352,0.027437,0.182885,1.000000,1.000000,0.012339,0.489099,0.155090,0.203211,0.213120,0.814394,0.632026,0.463918,0.064462,0.055484,0.703888,0.040174,0.978750
New Zealand,0.000102,0.017273,0.007109,0.014303,0.684665,1.000000,0.003285,0.486998,0.208373,0.300661,0.187627,0.845591,0.516862,0.429810,0.009344,0.007639,0.228715,0.003290,0.862292
Nicaragua,0.000720,0.001185,0.000464,0.002150,0.473626,0.780381,0.004498,0.400315,0.267364,0.468933,0.188987,0.525397,0.174119,0.456410,0.001533,0.001253,0.003772,0.000554,0.161458
Niger,0.019482,0.000577,0.000947,0.000602,0.000000,0.301611,0.012192,0.000000,0.493815,0.542965,0.288733,0.077824,0.125656,0.144543,0.000625,0.000624,0.000018,0.050915,0.017708
Nigeria,0.006833,0.063062,0.027314,0.013080,0.206374,0.472914,0.124395,0.147360,0.392959,0.360907,0.384092,0.439464,0.117162,0.290415,0.017590,0.017836,0.000194,0.011568,0.395833
North Korea,0.030980,0.037409,0.027314,0.029448,0.800000,0.972182,0.028224,0.566325,0.177926,0.341150,0.288733,0.554792,0.330752,0.017676,0.012805,0.011522,0.000296,0.050915,0.000000
Norway,0.000774,0.037409,0.011264,0.029448,1.000000,1.000000,0.003741,0.479380,0.251189,0.403022,0.098572,0.770808,0.590307,0.475716,0.029909,0.019268,0.062575,0.034643,0.990104
Oman,0.000006,0.022969,0.003578,0.010252,0.962637,0.897511,0.002337,0.693985,1.000000,0.425118,0.288733,0.703683,0.082688,0.639480,0.008919,0.006239,0.279469,0.004116,0.692188
Pakistan,0.002924,0.010841,0.057420,0.015978,0.424176,0.874085,0.134176,0.380877,0.284491,0.165439,0.207342,0.285392,0.164627,0.276858,0.014699,0.018913,0.000254,0.008794,0.113542
Panama,0.000030,0.006410,0.003336,0.007945,0.705495,0.916545,0.002726,0.451011,0.280685,0.463456,0.132563,0.727222,0.267300,0.675176,0.002978,0.002643,0.217654,0.000000,0.446875
Papua New Guinea,0.000110,0.001991,0.000700,0.003033,0.106593,0.117130,0.005137,0.309430,0.330162,0.322002,0.288733,0.015317,0.110667,0.151793,0.001122,0.001086,0.009809,0.050915,0.067708
Paraguay,0.200175,0.004154,0.003065,0.004420,0.776923,0.909224,0.004983,0.389020,0.289248,0.197545,0.163154,0.576979,0.207095,0.420843,0.001881,0.001648,0.000025,0.050915,0.384375
Peru,0.000102,0.020242,0.018631,0.015416,0.704396,0.806735,0.022737,0.460993,0.249286,0.418130,0.235214,0.747494,0.233825,0.396774,0.014349,0.011292,0.038461,0.015629,0.408333
Philippines,0.001850,0.022907,0.039172,0.023840,0.717582,0.879941,0.071630,0.385343,0.292103,0.263834,0.220938,0.426962,0.144642,0.424318,0.016436,0.013327,0.000899,0.021968,0.385417
Poland,0.000130,0.079119,0.043744,0.069855,0.884615,0.813761,0.028308,0.612293,0.126546,0.249669,0.330387,0.558959,0.498126,0.619616,0.059336,0.053690,0.083878,0.037876,0.654688
Portugal,0.000032,0.027692,0.013731,0.027435,1.000000,0.997072,0.007790,0.503546,0.078021,0.189991,0.531951,0.567294,0.692980,0.460958,0.020615,0.018487,0.398497,0.011096,0.646875
Qatar,0.000255,0.058907,0.003202,0.011226,1.000000,1.000000,0.001477,1.000000,0.660324,0.448725,0.288733,0.987499,0.017237,0.630856,0.016271,0.009616,0.054933,0.007140,0.888542
Romania,0.000146,0.025507,0.019528,0.025632,0.693407,0.819912,0.015638,0.591542,0.073264,0.334278,0.227396,0.468972,0.528354,0.428951,0.017518,0.015270,0.044340,0.017625,0.518333
Russia,0.001925,0.231176,0.168961,0.115388,0.675824,0.956076,0.105030,0.627528,0.148430,0.345420,0.167573,0.707174,0.444667,0.631714,0.177401,0.148229,0.006296,0.127823,0.639583
Rwanda,0.021657,0.000225,0.001290,0.000580,0.602198,0.571010,0.007812,0.194641,0.388202,0.331634,0.288733,0.092578,0.096178,0.219667,0.000802,0.000710,0.000054,0.050915,0.090625
Saint Kitts and Nevis,0.000150,0.000018,0.000027,0.000080,0.956044,0.975110,0.000037,0.425708,0.235014,0.803399,0.288733,0.235387,0.289731,0.585593,0.000085,0.000069,0.052753,0.050915,0.833333
Saint Lucia,0.000105,0.000070,0.000057,0.000230,0.617582,0.909224,0.000118,0.525085,0.200761,0.488763,0.288733,0.064872,0.312765,0.474987,0.000117,0.000095,0.064182,0.050915,0.366667
Saint Vincent and the Grenadines,0.000090,0.000018,0.000042,0.000135,0.684665,0.813761,0.000073,0.537168,0.127498,0.399622,0.288733,0.433495,0.245816,0.467779,0.000000,0.000108,0.044391,0.050915,0.541667
Samoa,0.000084,0.000026,0.027314,0.000124,0.907692,0.978038,0.000125,0.257946,0.201713,0.341150,0.288733,0.095506,0.212341,0.368243,0.000140,0.000113,0.025065,0.050915,0.159375
San Marino,0.000054,0.037409,0.027314,0.029448,0.684665,0.813761,0.028224,0.425708,0.188392,0.258168,0.251530,0.934002,0.289731,0.477733,0.000000,0.000000,0.430293,0.050915,0.529167
Sao Tome and Principe,1.000000,0.000004,0.027314,0.000044,0.279121,0.956076,0.000132,0.203047,0.372027,0.687441,0.444596,0.586778,0.140395,0.254591,0.000026,0.000026,0.000000,0.050915,0.239583
Saudi Arabia,0.000203,0.171101,0.040095,0.056774,0.684665,0.956076,0.022032,0.546099,0.307326,0.427384,0.171312,0.802906,0.093430,0.733225,0.080668,0.052935,0.037834,0.089533,0.630208
Senegal,0.019961,0.001115,0.001901,0.002336,0.471429,0.620791,0.010369,0.163383,0.405328,0.403399,0.288733,0.356572,0.126905,0.374678,0.001268,0.001258,0.000039,0.000674,0.217708
Serbia,0.003278,0.005000,0.004848,0.006927,0.970330,0.988287,0.005284,0.581823,0.080875,0.207743,0.693406,0.512670,0.503622,0.488201,0.006380,0.005871,0.003147,0.050915,0.536458
Seychelles,0.000488,0.000150,0.027314,0.000361,0.684665,0.813761,0.000059,0.425708,0.220742,0.583569,0.092794,0.482036,0.289731,0.608117,0.000170,0.000137,0.019627,0.050915,0.525000
Sierra Leone,0.163200,0.000018,0.000521,0.000117,0.043956,0.415813,0.004475,0.223010,0.306375,0.176959,0.288733,0.320194,0.106920,0.165308,0.000251,0.000236,0.000009,0.050915,0.017708
Singapore,0.000061,0.179907,0.007760,0.138575,1.000000,1.000000,0.003961,0.695035,0.281637,0.392446,0.044188,1.000000,0.332501,0.643556,0.015346,0.008552,0.305218,0.018620,0.760417
Slovak Republic,0.000022,0.037639,0.006246,0.029723,0.996703,1.000000,0.003968,0.648542,0.138915,0.242871,0.461251,0.490145,0.437422,0.464690,0.008583,0.007505,0.410023,0.008602,0.811250
Slovenia,0.000028,0.011930,0.002630,0.010347,1.000000,0.994143,0.001507,0.556344,0.142721,0.220397,0.323929,0.435747,0.616538,0.448816,0.004735,0.005096,0.443067,0.003483,0.757083
Solomon Islands,0.000287,0.000216,0.000010,0.000168,0.217582,0.714495,0.000404,0.240872,0.326356,0.217186,0.288733,0.109359,0.136398,0.222971,0.000188,0.000152,0.006861,0.050915,0.083333
Somalia,0.030980,0.037409,0.027314,0.029448,0.160440,0.000000,0.028224,0.070659,0.399619,0.341150,0.288733,0.304314,0.128654,0.187833,0.012805,0.011522,0.000003,0.050915,0.015625
South Africa,0.000401,0.041947,0.033820,0.037073,0.718681,0.928258,0.038927,0.464670,0.254995,0.262512,0.820530,0.576867,0.200350,0.608632,0.033405,0.030958,0.019458,0.026553,0.509375
South Korea,0.059243,0.246529,0.071403,0.188155,1.000000,0.967789,0.036899,0.673759,0.168411,0.393768,0.085656,0.813830,0.404197,0.452205,0.076372,0.059042,0.000324,0.108320,0.883021
South Sudan,0.000186,0.037409,0.027314,0.029448,0.684665,0.813761,0.007988,0.425708,0.521408,0.108782,0.288733,0.079288,0.289731,0.418529,0.000562,0.000624,0.045240,0.050915,0.423198
Spain,0.000037,0.136987,0.070685,0.121257,1.000000,1.000000,0.034246,0.514841,0.104662,0.241549,0.876275,0.747381,0.650762,0.434658,0.102324,0.098337,0.481027,0.080190,0.745521
Sri Lanka,0.004631,0.004128,0.011061,0.006515,0.915385,0.909224,0.015293,0.500657,0.199810,0.513692,0.115568,0.045050,0.307020,0.385704,0.003353,0.003951,0.000337,0.004353,0.228125
Sudan,0.000240,0.037409,0.006329,0.029448,0.160440,0.348463,0.025258,0.217757,0.322550,0.274410,0.306594,0.249803,0.133150,0.288528,0.001720,0.001702,0.005119,0.050915,0.236458
Suriname,0.000154,0.001088,0.000429,0.000588,0.783516,0.929722,0.000397,0.490938,0.211227,0.341150,0.268525,0.663476,0.239321,0.522224,0.000333,0.000336,0.025172,0.050915,0.389583
Swaziland,0.000362,0.000489,0.000352,0.000453,0.532967,0.620791,0.000794,0.299448,0.269267,0.085364,0.288733,0.113076,0.136148,0.282607,0.000490,0.000396,0.009784,0.050915,0.257292
Sweden,0.000659,0.073833,0.017350,0.058256,1.000000,1.000000,0.007070,0.432624,0.200761,0.244381,0.251530,0.835117,0.744691,0.509696,0.039940,0.032833,0.051039,0.028975,0.987292
Switzerland,0.000102,0.037409,0.019302,0.029448,1.000000,1.000000,0.005872,0.531390,0.227402,0.294618,0.087016,0.704696,0.642518,0.550026,0.023991,0.019363,0.419647,0.036360,0.903125
Syria,0.001298,0.005000,0.004553,0.006398,0.952747,0.855051,0.013595,0.352246,0.314938,0.230406,0.397349,0.509629,0.154384,0.216106,0.003742,0.003486,0.001237,0.000926,0.272917
Tajikistan,0.000139,0.000304,0.001985,0.000223,0.938462,0.585652,0.005967,0.358287,0.360609,0.191501,0.288733,0.173443,0.117912,0.369959,0.001007,0.000813,0.006855,0.050915,0.166667
Tanzania,0.048324,0.001943,0.003898,0.004562,0.035165,0.314788,0.034003,0.122406,0.415794,0.542587,0.288733,0.180200,0.141394,0.215033,0.003264,0.003326,0.000017,0.050915,0.045833
Thailand,0.001286,0.101119,0.044457,0.090348,0.927473,0.938507,0.050134,0.652745,0.159848,0.449292,0.004079,0.262192,0.323507,0.567959,0.031371,0.025524,0.002453,0.033850,0.301458
The Bahamas,0.000036,0.000366,0.000413,0.001321,0.912088,0.976574,0.000257,0.622275,0.265461,0.586025,0.529572,0.824868,0.258306,0.302257,0.000264,0.000427,0.364587,0.050915,0.750000
Timor-Leste,0.000000,0.000018,0.027314,0.000026,0.328571,0.568082,0.000867,0.095876,0.367269,0.341150,0.288733,0.197320,0.148639,0.222155,0.003244,0.000655,0.037446,0.050915,0.011458
Togo,0.021496,0.000441,0.000552,0.000719,0.025275,0.414348,0.005005,0.213029,0.373930,0.251369,0.288733,0.307467,0.111916,0.244251,0.000297,0.000301,0.000028,0.050915,0.046875
Tonga,0.000056,0.000009,0.000008,0.000062,0.904396,0.989751,0.000066,0.252955,0.161751,0.547686,0.288733,0.139092,0.245566,0.210185,0.000000,0.000000,0.030309,0.050915,0.364583
Trinidad and Tobago,0.000462,0.004837,0.001805,0.002354,0.913187,0.906296,0.000977,0.601786,0.154139,0.161095,0.149558,0.031197,0.309018,0.597820,0.001732,0.001495,0.025111,0.002574,0.664583
Tunisia,0.000035,0.007863,0.005908,0.008730,0.894505,0.953148,0.008018,0.586551,0.223597,0.336355,0.547247,0.623043,0.245066,0.471941,0.006270,0.006161,0.108530,0.003213,0.456250
Turkey,0.000081,0.066903,0.075319,0.091833,0.903297,0.995608,0.056197,0.516942,0.247383,0.304249,0.310333,0.688366,0.262803,0.374807,0.082041,0.069013,0.095826,0.051821,0.481771
Turkmenistan,0.000140,0.001106,0.000348,0.000642,0.990110,0.576867,0.004182,0.529288,0.250238,0.341150,0.288733,0.426399,0.138896,0.477476,0.001728,0.001395,0.011044,0.050915,0.100000
Tuvalu,0.000056,0.000000,0.027314,0.000000,0.816484,0.966325,0.000000,0.425708,0.142721,0.341150,0.288733,0.447911,0.289731,0.123691,0.000000,0.000000,0.048814,0.050915,0.385417
UAE,0.000377,0.111260,0.021802,0.076979,0.972527,0.994143,0.006629,0.971894,0.271170,0.349575,0.288733,0.826782,0.000000,0.713360,0.018373,0.010529,0.028485,0.039101,0.916667
Uganda,0.080549,0.001040,0.003443,0.002193,0.273626,0.631040,0.027051,0.049645,0.445290,0.395467,0.288733,0.053948,0.110667,0.165136,0.001547,0.001565,0.000010,0.050915,0.168750
UK,0.000032,0.211996,0.122882,0.251503,1.000000,1.000000,0.047092,0.463094,0.187441,0.168461,0.237933,0.772046,0.660505,0.536940,0.174967,0.162906,0.579506,0.108767,0.935833
Ukraine,0.000296,0.030260,0.029558,0.030887,0.937363,0.970717,0.033393,0.609141,0.105614,0.241926,0.235554,0.651763,0.521359,0.568303,0.028610,0.025411,0.014871,0.009969,0.435417
Uruguay,0.001484,0.003996,0.003556,0.004237,0.960440,0.992679,0.002484,0.439716,0.160799,0.311804,0.193746,0.917108,0.538346,0.639351,0.003621,0.003130,0.007883,0.002599,0.605208
USA,0.000056,1.000000,1.000000,1.000000,1.000000,0.988287,0.232489,0.504334,0.196004,0.265156,0.229436,0.804257,0.512116,0.385833,1.000000,1.000000,1.000000,0.761998,0.844063
Uzbekistan,0.076764,0.037409,0.005712,0.029448,1.000000,0.814056,0.022216,0.520883,0.274976,0.478565,0.288733,0.282464,0.146390,0.294791,0.007699,0.005984,0.000023,0.050915,0.397917
Vanuatu,0.004439,0.000026,0.000000,0.000091,0.537363,0.863836,0.000191,0.307591,0.336822,0.381681,0.288733,0.157788,0.154134,0.230565,0.000051,0.000041,0.000310,0.050915,0.117708
Venezuela,0.000397,0.040238,0.025113,0.013270,0.900000,0.896047,0.022025,0.472551,0.269267,0.345231,0.292658,0.929046,0.223832,0.411919,0.018135,0.024265,0.012566,0.050297,0.571875
Vietnam,0.735500,0.050454,0.024389,0.041515,0.725275,0.926794,0.065905,0.615445,0.227402,0.399056,0.129844,0.230544,0.220085,0.537541,0.015387,0.015623,0.000001,0.009440,0.457292
Yemen,0.010042,0.003110,0.006925,0.004099,0.486813,0.339678,0.019585,0.253743,0.346337,0.049669,0.288733,0.244397,0.113665,0.272053,0.002942,0.003062,0.000096,0.050915,0.208333
Zambia,0.000333,0.003965,0.001884,0.002610,0.371429,0.462665,0.010678,0.091148,0.435775,0.378470,0.288733,0.319856,0.116663,0.418529,0.001063,0.001187,0.002653,0.050915,0.160417
Zimbabwe,0.000075,0.001546,0.027314,0.002799,0.339560,0.705710,0.009634,0.246388,0.417697,0.161473,0.288733,0.314225,0.157882,0.389351,0.000619,0.000499,0.005020,0.050915,0.192708
